name.first,name.last
Everett,Fletcher
Leonel,Murillo
Marvin,Hille
Onufriy,Zagoruyko
Harshil,Shroff
Lev,Tobilevichi
Adam,Poulsen
Scott,Gloppen
Remco,Theunisse
Leo,Chen
Jonathan,Kristensen
Jesus,Freeman
Malthe,Jensen
Arvin,Stenerud
Jonathan,Petersen
Ethan,Harris
Lance,Neal
Peter,Hunter
Liam,Woods
Conrado,Luevano
Michael,Thompson
Noah,Li
Faraj,Saha
Samuel,Patel
Ryan,Hill
Aleksi,Latvala
Andrew,Phillips
Connor,Torres
Milo,Leclerc
Gauthier,Michel
Muhammad,Roode
Jacob,Reid
Arthur,Williams
Cristian,Fuentes
Javier,Payne
Zackary,Ma
Abdul,Hasund
Lyubomil,Dovgal
Craig,Jenkins
Bogoljub,Kapetanoviƒá
Olve,Ramsland
Xavier,Scott
Zachary,Mackay
Marciano,Zoutendijk
Cody,Oliver
Zoryan,Andriyivskiy
Higino,Oliveira
Milo,Jafari
Cemil,Hohl
Eli,Webb
Arron,Vargas
Joona,Halonen
Gregor,Feldmann
Nikolai,Engelhard
William,Walker
Carlos,Little
Shane,James
Taylor,Ward
Murat,Meyer
Vukol,Rudinskiy
Ilan,Rolland
Salvador,Davies
Travis,Wright
Dobromir,Domashovec
Floyd,Wheeler
Matias,Hamalainen
Mareno,Neuteboom
Flip,Van der Eng
Archie,Moore
Gerardo,Murillo
Delmar,Lopes
Herbert,Williams
Stefaniy,Mayko
Carlos,Hopkins
Mustafa,Vos
Malik,Macdonald
Rocco,Lemoine
Ostrozor,Zagorovskiy
Daniel,Wuollet
Attila,Moulin
Onni,Erkkila
Alexis,Harris
Hans-Heinrich,Reinartz
Aapo,Hakola
Evan,Allen
Pasquale,Quast
Ludwig,Kautz
Johan,Madsen
Mark,Havnen
Arron,Wood
Soham,Edwards
Daniel,Taylor
Felix,Mortensen
Noah,Addy
Byron,Sanchez
Alvarino,Barbosa
Mikhail,Braams
Christian,Harvey
Snozir,Dolinyak
Luis Manuel,Galindo
Tristan,Thomsen
Peetu,Lepisto
Alan,Jones
Deejay,Haarhuis
Tom,Fernandez
Orest,Stefanik
Silas,Pedersen
Beau,Roberts
Carlo,Bolz
Abraham,Carbajal
Lauri,Mikkola
Tim,Roberg
Eemil,Kivisto
Nolan,Picard
Clayton,Horton
Kyle,Burns
Atharv,Bangera
Aaron,Lewis
Anthony,Crawford
Sander,Hassel
Gustav,Giraud
Lucas,Lemaire
Cory,Mitchelle
Adam,Andersen
Dragan,Michl
Magnus,Nielsen
Lino,Giraud
Roy,Weaver
Lavrentiy,Simashko
Noel,Rodriguez
Devansh,Raval
Stephen,Johnson
Slavoljub,Zeljkoviƒá
Harold,Young
Matthieu,Dupuis
Pascal,Clement
Hector,Stanley
Giuseppe,Marie
Lucas,Robinson
Brad,Richardson
Gauthier,Meunier
Brian,Morgan
Freddy,Henne
Jimmy,Perkins
Timothy,Long
Batista,Pires
Virodar,Gulevatiy
Jordin,Bal
Boguslav,Buzinniy
Wolf-Dietrich,Jungbluth
Maciel,da Cunha
Sanjeev,Van der Burg
Alex,Calvo
Viljami,Koskela
Blake,Kowalski
Alexander,Morris
Tihomir,Taranchenko
Jorge,Frazier
Bennet,Kleuskens
Victor,Christiansen
Felix,Rico
Casper,Van Lochem
Gabe,Hunter
Ieremiy,Levinskiy
Luc,Boyer
Caleb,Wright
Karl,Fletcher
Leo,Jones
Madaleno,Caldeira
Tim,White
Curtis,Rose
Timmothy,Boyd
Gabriel,Hill
Tejas,Holla
Christopher,Webb
Alonso,Barrios
Eskil,Mollestad
Troy,West
Joshua,Hall
Alex,Carrasco
Adam,Carlson
Gilbert,Green
Snizhan,Lavrik
Bryachislav,Turyanskiy
William,Li
Haye,Van Buiten
Tim,Lewis
Konsta,Lampinen
George,Turner
Gregory,Spencer
Orinder,Namnaik
Tiago,Lacroix
Kevin,Parker
Sebastian,Carpenter
Theodor,Vincent
Bobby,Black
German,Aguilar
Gunbir,Kumar
Daniel,Olsen
Ian,Fabre
Mauro,Balderas
Jar,Elliott
Philip,Maeller
Domoslav,Korovickiy
Martin,Fontai
Dobrogost,Goroshko
Rosano,Porto
Rushil,Gatty
Nicolai,Aanonsen
Lucas,Mitchell
Berat,Slot
Konsta,Wirta
Eddie,Peck
Kjell,Cappelen
Cameron,Lewis
Colin,Thomas
Nikola,Portier
Rafael,AÅlvarez
Ronaldo,Dias
Jorge,Holmes
Hector,Brown
Luis,Peters
Bastien,Deschamps
Lorenzo,Blanc
Milodar,Galushchinskiy
Topias,Jarvela
Archie,Jones
Mads,Sarensen
Steve,Dubois
David,Deschamps
Noah,Moreno
Liam,Fernandez
Ravi,Bhat
Wayne,Gardner
Ramon,Palmer
Lenni,Ollila
Justin,Lo
Hans-Hinrich,Just
Ludovico,Rezende
Axel,Wendland
Andreja,Kalinin
Jerry,Lee
May,Vanchenko
Francis,Obrien
Hudson,Hughes
Kurt,Nelson
Lucas,Andersen
Arttu,Korhonen
Sid,Van Teijlingen
Muzaffer,Peschke
Alexandre,Roy
Karl,Douglas
William,Larsen
Julio,Arguello
Benjamin,Williams
Malo,Leclerc
Emre,Karadaay
Zlatomir,Yarmola
Toivo,Nikula
Rodrigo,Santiago
Walter,Moulin
Zander,Perry
Horacio,Nazario
Emile,Wilson
Andrej,Vincent
Samuel,Esteban
Antoon,Wortelboer
Linus,Alt
Harvey,Mcguinness
Oliver,Odden
Olaf,Oaywald
Gabriel,Trevisan
Ivan,Webb
Lester,Curtis
Valtteri,Wirta
Matthew,Bennett
John,Stanley
Tyler,Turner
Adrian,Larson
Ascenso,Caldeira
Bertil,Pereboom
Anthony,Roger
Marc,Jordan
Cory,Gray
Milton,Mccoy
Atharv,Kamath
Beau,Harris
Gunbir,Gupta
Eino,Hannula
William,Ennis
Pio,das Neves
Edmur,da Rocha
Ardian,Roche
Mehmet,Sadaklar
Alvaro,Van Megen
Jakob,Leclercq
Mikkel,Christensen
Kenzo,Heller
Quentin,Picard
Giray,Egeli
Artur,Roche
Arjun,Almeida
Don,Stephens
Nilton,Freitas
Jimmie,Robinson
Jacob,Petersen
Svarg,Navrockiy
Frederik,Poulsen
August,Andersen
Sean,Roberts
Oscar,Jensen
Yandel,Escobar
Matthias,Magnussen
Mirko,Ignjatoviƒá
Ayub,Kjelsrud
Gianny,Lake
Reiner,Stengel
Pedro,Barrios
Esat,Keseroaylu
Agustin,Duran
Gojko,Drljaƒça
Houssam,Poos
Hugo,Menard
Clayton,Webb
Antoine,Morin
Heine,Gjelsten
Mike,Frazier
Oscar,Castro
Leon,Bolstad
Severin,Olivier
Elmano,Mendes
Anton,Palo
Hector,Michel
Dragan,Gauthier
Vitryan,Suprun
Yan,Pokropivniy
Cesaltino,da Mota
Leroy,Coleman
Jared,Andrews
Ryder,Hughes
Sergi,Swarts
Reis,Cardoso
Theodore,Porter
Gerfried,Nagy
Chanakya,Kamath
Holger,Baum
Jack,Wood
Noah,Medina
Tinius,Slettum
Emre,Ekici
Porfir,Voievoda
Jorge Luis,Salinas
Frank,Silva
Hans-Jochen,Wiegmann
Ismael,Torres
Ravi,Adiga
Benjamin,Soto
Morten,Van der Knijff
Tristan,Hansen
Ceyhun,Avan
Hadrien,Nguyen
Carlos,Holland
Valdemar,Kristensen
Fabien,Thomas
Hugo,Adam
Freddie,Hill
Nagesh,Chatterjee
Matthew,Denys
Sandro,Richard
Severin,Kamenyuk
Bradley,Knight
Miro,Laitinen
Eddie,Tucker
Wessel,Giesberts
Kasper,Latvala
Emile,Miller
Thibaut,Guillot
Gagan,Shukla
Mads,Christensen
Milo,Rognes
Mathys,Fontai
Octavio,Lemus
Nikita,Wilts
Matheo,Saeed
Philip,Brar
William,Neal
Eetu,Wallo
Charles,Johnson
Zahar,Tovstuha
Eren,Duygulu
Nixon,White
Gabriel,Chow
Kasper,Kumpula
Lewis,Nguyen
Alejandro,Pastor
Alexis,Gill
Jayden,Hughes
Benjamin,Denys
Cooper,Hall
Benoit,Pierre
Devon,Jones
Nicolas,Lo
Darren,Beck
Nicolai,Armbruster
Ryan,Gugale
